{
  "rmse": 3.391495198027318,
  "mae": 1.3832253716284852,
  "coverage_p10_p90": 0.7301415921508384,
  "n": 138002
}