stint_bucket,n,rmse,mae
0-8,43935.0,4.400369554820745,2.1081285391455977
9-20,57627.0,2.805068437077748,1.033225566225704
21+,36440.0,2.7876491362678477,1.0627209292871502
